County,Year,Number of Fires,Avg. Acres Burned,Median Acres Burned,Min. Acres Burned,Max. Acres Burned
Amador,2013,1,96.0,96.0,96.0,96.0
Butte,2013,5,607.8,298.0,80.0,2264.0
Calaveras,2013,2,38.5,38.5,31.0,46.0
El Dorado,2013,2,344.0,344.0,116.0,572.0
Nevada,2013,1,52.0,52.0,52.0,52.0
Placer,2013,2,13838.5,13838.5,237.0,27440.0
Yuba,2013,1,73.0,73.0,73.0,73.0
Butte,2014,1,72.0,72.0,72.0,72.0
Calaveras,2014,2,102.5,102.5,85.0,120.0
El Dorado,2014,3,32613.67,94.0,30.0,97717.0
Nevada,2014,3,123.0,84.0,38.0,247.0
Alpine,2015,1,0.0,0.0,0.0,0.0
Amador,2015,1,60.0,60.0,60.0,60.0
Butte,2015,5,14496.8,400.0,72.0,70868.0
Calaveras,2015,1,114.0,114.0,114.0,114.0
El Dorado,2015,1,75.0,75.0,75.0,75.0
Nevada,2015,1,2304.0,2304.0,2304.0,2304.0
Placer,2015,1,26.0,26.0,26.0,26.0
Yuba,2015,2,94.0,94.0,30.0,158.0
Alpine,2016,1,0.0,0.0,0.0,0.0
Amador,2016,4,163.25,127.5,26.0,372.0
Butte,2016,9,205.56,91.0,30.0,800.0
Calaveras,2016,6,204.33,183.5,33.0,450.0
El Dorado,2016,3,83.67,50.0,25.0,176.0
Nevada,2016,1,47.0,47.0,47.0,47.0
Placer,2016,2,128.5,128.5,88.0,169.0
Sacramento,2016,3,53.0,40.0,32.0,87.0
Yuba,2016,1,389.0,389.0,389.0,389.0
Amador,2017,1,10.0,10.0,10.0,10.0
Butte,2017,18,1427.83,107.0,0.0,8500.0
Calaveras,2017,5,68.6,59.0,15.0,130.0
El Dorado,2017,9,127.44,80.0,13.0,426.0
Nevada,2017,7,191.86,19.0,10.0,821.0
Sacramento,2017,3,457.0,68.0,35.0,1268.0
Sierra,2017,2,457.5,457.5,168.0,747.0
Yuba,2017,6,1830.17,44.5,10.0,9989.0
Amador,2018,2,421.0,421.0,17.0,825.0
Butte,2018,13,11974.31,40.0,0.0,153336.0
Calaveras,2018,3,168.67,136.0,80.0,290.0
El Dorado,2018,5,122.2,67.0,12.0,316.0
Nevada,2018,1,16.0,16.0,16.0,16.0
Placer,2018,2,907.5,907.5,695.0,1120.0
Sacramento,2018,1,30.0,30.0,30.0,30.0
Amador,2019,1,10.0,10.0,10.0,10.0
Butte,2019,7,144.43,58.0,10.0,496.0
Calaveras,2019,1,27.0,27.0,27.0,27.0
El Dorado,2019,4,37.25,25.5,13.0,85.0
Nevada,2019,1,2.0,2.0,2.0,2.0
Placer,2019,3,80.0,65.0,27.0,148.0
Sacramento,2019,2,67.0,67.0,50.0,84.0
Yuba,2019,2,75.0,75.0,70.0,80.0
Amador,2020,2,34.5,34.5,21.0,48.0
Butte,2020,8,64.5,61.0,6.0,136.0
Calaveras,2020,3,510.33,55.0,21.0,1455.0
El Dorado,2020,2,14.5,14.5,14.0,15.0
Nevada,2020,1,705.0,705.0,705.0,705.0
Placer,2020,4,63.5,52.5,39.0,110.0
Sacramento,2020,4,1578.75,626.5,20.0,5042.0
Sierra,2020,2,23565.5,23565.5,102.0,47029.0
Yuba,2020,4,616.75,550.0,56.0,1311.0
Alpine,2021,2,34978.5,34978.5,1320.0,68637.0
Amador,2021,1,46.0,46.0,46.0,46.0
Butte,2021,2,239.0,239.0,76.0,402.0
Calaveras,2021,3,303.33,153.0,118.0,639.0
El Dorado,2021,3,22.0,11.0,10.0,45.0
Placer,2021,2,226.5,226.5,42.0,411.0
Sacramento,2021,1,44.0,44.0,44.0,44.0
Yuba,2021,3,126.33,150.0,45.0,184.0
Butte,2022,2,60.0,60.0,54.0,66.0
El Dorado,2022,1,20.0,20.0,20.0,20.0
Nevada,2022,3,332.0,48.0,44.0,904.0
Placer,2022,3,23.67,22.0,11.0,38.0
Yuba,2022,3,50.33,39.0,30.0,82.0
